pid,team,name,number,pos,b_t,wt,ht,born,debut,edu,nationality,original_name,draft
0000000742,中信兄弟二軍,王則鈞,33,投手,右投右打,181,86,1995/08/07,2014/03/27,遠東科大,中華民國,,兄弟象2013年第三輪
0000004626,中信兄弟二軍,王奕凱,54,投手,左投左打,183,80,2000/08/29,2019/05/15,城市科大,中華民國,,中信兄弟2018年第五輪
0000000929,中信兄弟,王威晨,9,二壘手,右投左打,183,75,1991/07/03,2016/04/26,輔仁大學,中華民國,,中信兄弟2015年第十三輪
0000002307,中信兄弟二軍,王政順,61,三壘手,右投左打,175,78,1996/10/30,,桃園農工,中華民國,王崇穎,中信兄弟2018年第六輪
0000001387,中信兄弟二軍,王梓安,37,投手,右投右打,198,90,1990/10/09,2014/03/23,吳鳳科大,中華民國,,兄弟象2013年第四輪
0000000776,中信兄弟二軍,王凱程,15,投手,右投右打,192,91,1991/09/08,2017/09/14,日本經濟大學,中華民國,,
0000003211,中信兄弟二軍,王勝偉,14,游擊手,右投右打,180,73,1984/04/01,2008/03/19,臺灣體院,中華民國,Haro Ngayaw,兄弟象2006年第一輪
0000004636,中信兄弟,江坤宇,90,游擊手,右投右打,175,72,2000/07/04,2019/06/25,平鎮高中,中華民國,,中信兄弟2018年第三輪
0000001232,中信兄弟二軍,江忠城,20,投手,右投右打,180,90,1990/03/10,2014/09/07,國立體大,中華民國,,中信兄弟2014年第一輪
0000006176,中信兄弟二軍,余謙,49,投手,右投右打,180,76,2001/04/09,2021/05/07,臺東體中,中華民國,,中信兄弟2020年第一輪
0000002304,中信兄弟二軍,吳明鴻,5,捕手,右投右打,178,85,1994/11/02,2018/03/25,文化大學,中華民國,,中信兄弟2017年第五輪
0000004625,中信兄弟,吳俊偉,94,投手,右投右打,175,71,1998/12/31,2019/03/26,屏東高中,中華民國,池俊偉,中信兄弟2018年第四輪
0000001515,中信兄弟二軍,吳哲源,93,投手,右投右打,175,68,1994/08/12,2017/07/12,高苑科大,中華民國,,中信兄弟2016年第十輪
0000001330,中信兄弟二軍,*吳蔚驊,22,投手,右投右打,180,92,1991/03/15,2018/04/21,大理高中,中華民國,,中信兄弟2017年第十輪
0000003639,中信兄弟,呂彥青,58,投手,左投左打,175,65,1996/03/10,2021/08/29,臺灣體大,中華民國,,中信兄弟2021年第一輪
0000006225,中信兄弟,宋晟睿,88,左外野手,右投右打,182,78,2002/08/14,2021/07/16,平鎮高中,中華民國,,中信兄弟2020年第二輪
0000000773,中信兄弟二軍,李吳永勤,30,投手,左投左打,177,83,1998/03/29,2020/09/29,高苑工商,中華民國,,
0000006733,中信兄弟二軍,*李家成,73,投手,右投右打,185,90,1999/12/21,,,中華民國,,中信兄弟2021年第六輪
0000003331,中信兄弟,李振昌,34,投手,右投右打,180,86,1986/10/21,2018/07/25,臺北體院,中華民國,,中信兄弟2018年第一輪
0000005656,中信兄弟,李聖裕,2,中外野手,右投左打,178,75,1997/05/06,2021/09/03,臺東大學,中華民國,,
0000006735,中信兄弟二軍,◎李榕津,103,投手,右投右打,189,74,2000/01/19,,,中華民國,,
0000000753,中信兄弟二軍,杜家明,71,三壘手,右投右打,183,98,1996/02/03,2015/03/22,嘉藥大學,中華民國,,中信兄弟2014年第四輪
0000006731,中信兄弟二軍,*周委宏,89,游擊手,右投左打,175,75,2002/11/17,,,中華民國,,中信兄弟2021年第四輪
0000000853,中信兄弟,周思齊,16,左外野手,左投左打,178,90,1981/10/26,2005/08/13,輔仁大學,中華民國,,誠泰太陽2003年第三輪
0000001349,中信兄弟二軍,*周磊,99,投手,右投右打,184,89,1991/04/16,2015/10/08,臺北體院,中華民國,,中信兄弟2015年第八輪
0000003078,中信兄弟二軍,官大元,18,投手,右投右打,174,68,1983/09/09,2011/03/20,嘉義大學,中華民國,,兄弟象2010年第四輪
0000002291,中信兄弟,岳東華,98,游擊手,右投左打,178,75,1995/10/19,2017/10/08,開南大學,中華民國,,中信兄弟2017年第一輪
0000005571,中信兄弟二軍,岳政華,92,中外野手,左投左打,176,85,2001/01/29,2020/09/26,開南大學,中華民國,,中信兄弟2019年第一輪
0000001675,中信兄弟二軍,林丞軒,38,投手,右投右打,183,82,1993/06/22,,高苑科大,中華民國,林雅各,中信兄弟2018年第七輪
0000006224,中信兄弟二軍,林吳晉瑋,0,捕手,右投左打,179,80,2002/02/04,,穀保家商,中華民國,,中信兄弟2020年第五輪
0000005342,中信兄弟二軍,林志綱,47,三壘手,右投左打,178,72,1999/02/13,2021/10/01,臺灣體大,中華民國,,中信兄弟2020年第四輪
0000000976,中信兄弟,林明杰,12,捕手,右投右打,187,101,1991/03/18,2015/10/08,文化大學,中華民國,,中信兄弟2015年第七輪
0000001754,中信兄弟二軍,林書逸,43,中外野手,右投左打,181,78,1993/05/20,2017/07/05,文化大學,中華民國,,中信兄弟2016年第五輪
0000000045,中信兄弟二軍,林智勝,25,二壘手,右投右打,183,108,1982/01/01,2004/06/03,善化高中,中華民國,Ngayaw ‧ Ake',La new熊2003年第一輪
0000006750,中信兄弟二軍,◎林瑞祥,108,投手,右投右打,177,79,1999/09/24,,臺灣體大,中華民國,,
0000005567,中信兄弟二軍,林瑞鈞,75,二壘手,右投左打,173,65,2001/04/06,,西苑高中,中華民國,,中信兄弟2019年第七輪
0000000138,中信兄弟二軍,*林樺慶,17,投手,右投右打,186,85,1994/10/03,2014/09/28,高苑工商,中華民國,,Lamigo桃猿2014年第二輪
0000005570,中信兄弟二軍,*邱志恆,10,中外野手,右投右打,176,85,2001/01/29,,遠東科大,中華民國,,中信兄弟2019年第八輪
0000006243,中信兄弟二軍,◎徐浩凱,101,游擊手,右投左打,176,69,1995/11/19,,臺北市大,中華民國,,
0000006708,中信兄弟二軍,#格里斯,87,投手,左投左打,193,95,1992/06/13,2021/08/18,,加拿大,Evan Grills,
0000006220,中信兄弟二軍,*馬鋼,68,三壘手,右投右打,184,84,2002/04/14,,普門高中,中華民國,,中信兄弟2020年第三輪
0000002285,中信兄弟,高宇杰,65,捕手,右投右打,184,88,1997/07/17,2019/06/25,國立體大,中華民國,,中信兄弟2018年第二輪
0000006730,中信兄弟二軍,*張仁瑋,28,二壘手,右投右打,175,74,2003/05/01,,,中華民國,,中信兄弟2021年第三輪
0000003602,中信兄弟,張志強,69,二壘手,右投左打,168,80,1989/12/21,2014/08/28,文化大學,中華民國,,中信兄弟2014年第五輪
0000003183,中信兄弟二軍,#張志豪,7,中外野手,右投左打,180,81,1987/05/15,2010/03/20,臺灣體院,中華民國,,兄弟象2009年第二輪
0000005565,中信兄弟二軍,#張聖豪,52,捕手,右投左打,175,70,2001/05/11,,稻江學院,中華民國,,中信兄弟2019年第四輪
0000001119,中信兄弟,許基宏,74,三壘手,右投左打,187,103,1992/07/22,2014/09/03,臺灣體院,中華民國,,中信兄弟2014年第二輪
0000000743,中信兄弟,陳子豪,1,右外野手,左投左打,179,89,1995/07/29,2013/10/13,嘉藥大學,中華民國,,兄弟象2013年第二輪
0000000772,中信兄弟,陳文杰,4,中外野手,右投左打,184,76,1997/10/11,2017/10/04,大同學院,中華民國,,中信兄弟2016年第七輪
0000006729,中信兄弟二軍,陳志杰,3,投手,右投右打,183,91,2002/12/09,,,中華民國,,中信兄弟2021年第二輪
0000000779,中信兄弟,陳柏豪,83,投手,右投右打,178,78,1999/01/28,2017/10/07,西苑高中,中華民國,,中信兄弟2017年第三輪
0000000744,中信兄弟二軍,陳家駒,42,捕手,右投左打,180,81,1989/04/07,2014/04/02,吳鳳科大,中華民國,,兄弟象2013年第五輪
0000003255,中信兄弟,陳偉漢,13,游擊手,右投右打,178,82,1989/08/29,2014/08/28,臺灣體院,中華民國,,中信兄弟2014年第九輪
0000006732,中信兄弟二軍,*陳統恩,48,捕手,右投右打,178,81,2001/09/19,,,中華民國,,中信兄弟2021年第五輪
0000000771,中信兄弟,陳琥,62,投手,右投左打,180,99,1998/04/29,2018/03/24,大同學院,中華民國,,中信兄弟2016年第一輪
0000001005,中信兄弟二軍,彭識穎,21,投手,左投左打,175,71,1992/07/02,2016/03/19,輔仁大學,中華民國,,中信兄弟2015年第三輪
0000006218,中信兄弟二軍,*曾家鋐,59,投手,右投右打,178,70,1997/09/03,,南華大學,中華民國,,中信兄弟2020年第八輪
0000005569,中信兄弟二軍,曾頌恩,32,中外野手,右投右打,178,92,2000/01/08,2021/07/17,開南大學,中華民國,,中信兄弟2019年第三輪
0000006748,中信兄弟,華德茲,97,投手,右投右打,180,95,1990/03/01,2021/11/04,,多明尼加,Jose Valdez,
0000006749,中信兄弟,象魔力,55,投手,左投左打,183,93,1992/11/20,2021/10/31,,美國,Shawn Morimando,
0000005566,中信兄弟二軍,黃弘毅,84,投手,右投右打,183,78,2001/04/06,,稻江學院,中華民國,,中信兄弟2019年第五輪
0000005298,中信兄弟二軍,黃韋盛,66,二壘手,右投右打,183,82,1999/02/19,2021/07/17,遠東科大,中華民國,,中信兄弟2020年第六輪
0000002271,中信兄弟二軍,黃恩賜,64,投手,右投左打,185,98,1996/05/17,2019/03/26,臺灣體大,中華民國,,中信兄弟2017年第二輪
0000003548,中信兄弟,黃鈞聲,26,捕手,右投右打,178,100,1989/01/19,2012/03/17,嘉藥大學,中華民國,,兄弟象2010年第七輪
0000006734,中信兄弟二軍,*黃鈞麟,60,右外野手,左投左打,175,66,2003/06/02,,,中華民國,,中信兄弟2021年第七輪
0000001194,中信兄弟二軍,楊志龍,56,投手,右投右打,189,102,1993/04/07,2017/07/23,文化大學,中華民國,,中信兄弟2016年第三輪
0000000777,中信兄弟二軍,*楊達翔,82,投手,右投右打,191,97,1993/10/03,2017/09/23,大同學院,中華民國,,中信兄弟2017年第七輪
0000002297,中信兄弟,詹子賢,39,右外野手,右投右打,183,92,1994/02/24,2016/08/21,文化大學,中華民國,,中信兄弟2016年第二輪
0000002281,中信兄弟,廖乙忠,11,投手,右投右打,186,113,1995/11/02,2019/06/30,開南大學,中華民國,,
0000006221,中信兄弟二軍,*劉貴元,85,中外野手,右投左打,175,72,2002/01/19,,普門高中,中華民國,,中信兄弟2020年第九輪
0000006006,中信兄弟,德保拉,46,投手,左投右打,195,94,1988/03/04,2020/04/14,,多明尼加,Jose De Paula,
0000001129,中信兄弟二軍,潘志芳,63,二壘手,右投左打,180,82,1990/11/12,2015/09/04,臺灣體大,中華民國,潘萣翔,中信兄弟2015年第二輪
0000000778,中信兄弟,蔡齊哲,50,投手,右投右打,182,78,1995/12/18,2017/09/27,臺東大學,中華民國,,中信兄弟2017年第四輪
0000001350,中信兄弟二軍,鄭佳彥,41,投手,左投左打,184,92,1992/07/29,2019/03/24,臺北市大,中華民國,,中信兄弟2017年第八輪
0000003334,中信兄弟,鄭凱文,19,投手,右投右打,176,80,1988/07/26,2014/03/25,文化大學,中華民國,,兄弟象2013年第一輪
0000003506,中信兄弟,謝榮豪,79,投手,右投右打,188,101,1990/07/09,2014/03/23,臺灣體院,中華民國,,兄弟象2013年第二輪
0000005572,中信兄弟二軍,魏碩成,80,投手,左投左打,182,78,1997/06/17,2020/08/12,遠東科大,中華民國,,中信兄弟2019年第二輪
0000006005,中信兄弟二軍,羅傑斯,35,投手,右投右打,190,91,1985/08/14,2020/04/17,,多明尼加,Esmil Rogers,
0000000908,中信兄弟二軍,蘇緯達,96,一壘手,右投左打,185,103,1990/11/10,2015/10/08,臺灣體院,中華民國,,中信兄弟2015年第五輪
0000005534,味全龍二軍,#牛塏曄,99,捕手,右投右打,172,96,1994/01/02,2021/03/27,亞洲大學,中華民國,,味全龍2019年第十八輪
0000002278,味全龍,王玉譜,90,投手,左投左打,184,81,1996/01/18,2016/08/30,開南大學,中華民國,,統一7-ELEVEn獅2016年第四輪
0000006216,味全龍,王順和,35,三壘手,右投右打,175,70,2001/10/26,2021/08/28,穀保家商,中華民國,,味全龍2020年第四輪
0000001603,味全龍二軍,王維中,16,投手,左投左打,188,83,1992/04/25,2021/03/14,臺灣體大,中華民國,,味全龍2020年第一輪
0000006423,味全龍,田澤純一,95,投手,右投右打,180,82,1986/06/06,2021/03/17,,日本,Tazawa Junichi,
0000000356,味全龍,石翔宇,72,游擊手,右投右打,178,70,1996/11/01,2016/05/14,南英商工,中華民國,,義大犀牛2015年第十輪
0000000762,味全龍,伍鐸,52,投手,右投右打,185,91,1986/10/24,2015/08/02,,美國,Bryan Woodall,
0000005532,味全龍二軍,全浩瑋,22,捕手,右投右打,180,96,1998/05/30,2021/04/03,南華大學,中華民國,,味全龍2019年第十一輪
0000003625,味全龍,吉力吉撈．鞏冠,4,捕手,右投右打,180,104,1994/03/13,2021/08/25,臺灣體大,中華民國,朱立人,味全龍2021年第一輪
0000005546,味全龍,朱祥麟,57,二壘手,右投右打,187,85,1998/09/21,2021/03/26,開南大學,中華民國,,味全龍2019年第二輪
0000001409,味全龍,吳東融,67,游擊手,右投右打,173,72,1991/09/29,2016/09/11,國立體大,中華民國,,中信兄弟2016年第四輪
0000006727,味全龍二軍,*吳秉恩,65,投手,右投右打,185,85,2003/03/29,,平鎮高中,中華民國,,味全龍2021年第四輪
0000002279,味全龍二軍,吳俊杰,20,投手,右投右打,190,80,1996/11/07,2021/03/20,開南大學,中華民國,,味全龍2019年第四輪
0000000360,味全龍二軍,吳睿勝,13,二壘手,右投左打,177,76,1994/06/23,2017/07/06,輔仁大學,中華民國,吳筌宏,
0000005552,味全龍二軍,呂偉晟,39,投手,右投右打,192,80,1999/07/10,2021/03/14,美和科大,中華民國,,味全龍2019年第九輪
0000005372,味全龍二軍,呂詠臻,40,投手,右投右打,179,74,1998/12/24,,臺灣體大,中華民國,,味全龍2020年第六輪
0000005535,味全龍二軍,*李宇翔,11,投手,右投右打,175,71,1997/05/07,,國立體大,中華民國,,味全龍2019年第十九輪
0000006726,味全龍二軍,*李展毅,36,捕手,右投右打,188,115,2003/01/30,,大理高中,中華民國,,味全龍2021年第三輪
0000005540,味全龍,李凱威,21,游擊手,右投左打,174,76,1997/09/11,2021/03/14,文化大學,中華民國,,味全龍2019年第二輪
0000001821,味全龍,林子昱,71,投手,右投右打,185,78,1993/09/19,2021/03/18,康寧大學,中華民國,,味全龍2019年第五輪
0000005548,味全龍,林孝程,1,右外野手,右投左打,172,80,1999/11/30,2021/07/13,,中華民國,,味全龍2019年第十三輪
0000006217,味全龍二軍,林辰勳,9,捕手,右投右打,180,70,2001/12/10,2021/03/25,穀保家商,中華民國,,味全龍2020年第二輪
0000000350,味全龍二軍,林旺衛,28,中外野手,右投左打,183,87,1988/06/28,2015/03/22,臺灣體大,中華民國,,義大犀牛2014年第二輪
0000000354,味全龍二軍,林政賢,47,投手,左投左打,180,90,1995/09/13,2016/06/04,文化大學,中華民國,,義大犀牛2015年第六輪
0000006159,味全龍,林逸達,48,投手,右投右打,185,99,2000/12/26,2021/08/20,臺灣體大,中華民國,,味全龍2020年第二輪
0000001713,味全龍二軍,林驛騰,5,左外野手,右投左右開弓,184,94,1992/01/04,2021/04/24,臺灣體大,中華民國,林家慶,味全龍2019年第二十四輪
0000005341,味全龍二軍,邱辰,50,右外野手,左投右打,177,80,1999/02/01,,臺灣體大,中華民國,,味全龍2021年第七輪
0000006746,味全龍,柯西諾,53,投手,右投右打,180,97,1990/08/26,2021/10/31,,多明尼加,Daniel Corcino,
0000002293,味全龍,洪瑋漢,88,左外野手,左投左打,170,75,1995/12/03,2021/03/17,,中華民國,,味全龍2019年第十二輪
0000005543,味全龍二軍,徐若熙,18,投手,右投右打,177,76,2000/11/01,2021/03/17,平鎮高中,中華民國,,味全龍2019年第一輪
0000002294,味全龍二軍,高淮安,55,中外野手,右投左打,184,85,1995/11/30,,開南大學,中華民國,,味全龍2019年第二十七輪
0000005542,味全龍,張政禹,25,三壘手,右投左打,178,70,2000/06/08,2021/07/13,美和高中,中華民國,,味全龍2019年第七輪
0000006725,味全龍二軍,◎張祐嘉,81,左外野手,左投左打,185,86,2003/05/24,,西苑高中,中華民國,,
0000005553,味全龍,張祐銘,34,右外野手,右投左打,180,86,1997/03/15,2021/04/09,開南大學,中華民國,,味全龍2019年第十五輪
0000002290,味全龍二軍,#張皓緯,6,游擊手,右投右打,177,85,1994/12/13,2021/08/08,文化大學,中華民國,,味全龍2019年第二十三輪
0000006723,味全龍二軍,*張鈞守,74,投手,右投右打,186,84,2002/10/15,,南英商工,中華民國,,味全龍2021年第五輪
0000006724,味全龍二軍,*曹祐齊,51,投手,右投右打,186,87,2003/03/30,,大理高中,中華民國,,味全龍2021年第二輪
0000005550,味全龍二軍,莊玉彬,29,投手,右投右打,172,69,2001/05/29,2021/05/07,美和高中,中華民國,,味全龍2019年第十輪
0000005549,味全龍,郭天信,2,中外野手,右投左打,173,70,2000/04/15,2021/03/14,文化大學,中華民國,,味全龍2019年第三輪
0000005541,味全龍,郭郁政,17,投手,右投右打,187,94,1997/12/01,2021/07/18,,中華民國,,
0000005551,味全龍二軍,陳良志,32,投手,右投右打,177,69,1997/04/30,,遠東科大,中華民國,,味全龍2019年第二十五輪
0000003644,味全龍,陳明軒,75,投手,右投右打,179,80,1993/09/17,2016/08/31,開南大學,中華民國,,義大犀牛2016年第四輪
0000005555,味全龍,陳冠偉,59,投手,右投右打,182,102,1996/10/28,2021/09/15,臺灣體大,中華民國,,味全龍2019年第十七輪
0000001284,味全龍二軍,陳品捷,93,右外野手,右投左打,183,80,1991/07/23,2017/07/12,南英商工,中華民國,,富邦悍將2017年第二輪
0000006728,味全龍二軍,陳思仲,44,二壘手,右投右打,177,80,2000/10/18,,美國艾德蒙社區學院,中華民國,,味全龍2021年第六輪
0000005557,味全龍二軍,陳震洋,77,右外野手,右投右打,176,91,2001/03/29,,普門高中,中華民國,,味全龍2019年第二十一輪
0000005539,味全龍二軍,曾柏融,61,投手,左投左打,182,75,1998/05/01,,文化大學,中華民國,,味全龍2019年第二十輪
0000001114,味全龍二軍,曾陶鎔,58,右外野手,右投右打,182,84,1991/04/27,2015/10/11,高苑科大,中華民國,,中信兄弟2015年第十輪
0000005544,味全龍二軍,曾傳昇,33,游擊手,右投左打,175,68,2000/11/22,2021/03/14,高苑工商,中華民國,,味全龍2019年第三輪
0000001472,味全龍二軍,#森榮鴻,7,投手,右投右打,185,82,1994/08/20,,國立體大,中華民國,,味全龍2019年第六輪
0000000155,味全龍,游宗儒,0,投手,右投右打,181,67,1992/05/21,2016/06/02,萬能科大,中華民國,,Lamigo桃猿2015年第四輪
0000005554,味全龍,黃東淯,56,投手,右投右打,170,72,1998/04/27,2021/09/29,南華大學,中華民國,,味全龍2019年第十四輪
0000005538,味全龍二軍,黃柏豪,10,一壘手,右投左打,178,95,1996/09/14,2021/07/13,輔仁大學,中華民國,,味全龍2019年第十六輪
0000006236,味全龍二軍,楊鈺翔,45,投手,右投左打,187,83,2002/07/05,2021/08/06,普門高中,中華民國,,味全龍2020年第三輪
0000005296,味全龍二軍,董秉軒,69,右外野手,右投左打,186,84,1998/01/09,2021/08/06,文化大學,中華民國,,味全龍2020年第八輪
0000002660,味全龍二軍,廖文揚,41,投手,右投右打,177,81,1987/10/10,2011/06/12,文化大學,中華民國,,統一7-ELEVEn獅2010年第二輪
0000002280,味全龍,廖任磊,30,投手,右投右打,201,125,1993/08/30,2021/03/14,開南大學,中華民國,,味全龍2020年第一輪
0000006501,味全龍二軍,赫雷拉,73,中外野手,右投左右開弓,190,81,1992/10/16,2021/03/14,,多明尼加,Rosell Herrera,
0000006215,味全龍二軍,趙璟榮,42,投手,右投左打,181,82,1998/06/12,2021/07/14,高雄大學,中華民國,,味全龍2020年第九輪
0000005537,味全龍二軍,劉宇鈞,14,投手,右投右打,177,75,1998/06/27,,開南大學,中華民國,,
0000000364,味全龍二軍,劉家愷,31,投手,左投左打,181,90,1994/03/25,2021/04/07,臺灣體大,中華民國,,義大犀牛2016年第七輪
0000001258,味全龍,劉時豪,60,捕手,右投左打,166,90,1991/03/21,2014/03/23,臺灣體院,中華民國,,Lamigo桃猿2013年第三輪
0000005545,味全龍,劉基鴻,46,三壘手,右投右打,180,88,2000/11/03,2021/03/14,平鎮高中,中華民國,,味全龍2019年第一輪
0000006205,味全龍二軍,*劉崇聖,76,投手,右投右打,183,90,2000/10/31,,嘉義高中,中華民國,,味全龍2020年第七輪
0000005536,味全龍二軍,歐晉,3,一壘手,左投左打,176,112,1996/10/30,2021/05/05,國立體大,中華民國,,味全龍2019年第二十六輪
0000000913,味全龍二軍,#歐耀宗,15,投手,右投右打,178,68,1992/05/15,2016/04/29,國立體大,中華民國,,中信兄弟2015年第九輪
0000005547,味全龍二軍,蔡明憲,26,投手,右投右打,184,74,1998/11/29,2021/04/03,南華大學,中華民國,,味全龍2019年第八輪
0000005291,味全龍,蔣少宏,63,捕手,右投右打,179,100,1997/07/13,2021/03/17,文化大學,中華民國,,味全龍2020年第五輪
0000006244,味全龍二軍,◎鄭兆男,101,二壘手,右投左打,170,68,2000/04/20,,日本經濟大學,中華民國,,
0000006497,味全龍二軍,鋼龍,64,投手,右投右打,193,93,1990/06/26,2021/04/08,,美國,Drew Gagnon,
0000005533,味全龍二軍,魏全,98,捕手,右投右打,183,90,1998/01/13,,臺北市大,中華民國,,味全龍2019年第二十八輪
0000001404,味全龍,羅華韋,68,投手,左投左打,180,74,1990/12/01,2016/03/27,開南大學,中華民國,,義大犀牛2015年第五輪
0000003328,味全龍二軍,#羅嘉仁,19,投手,右投右打,180,90,1986/04/07,2014/08/07,文化大學,中華民國,,義大犀牛2014年第一輪
0000004639,統一7-ELEVEn獅二軍,方建德,69,投手,右投右打,190,117,1995/11/11,2019/06/25,嘉義大學,中華民國,,統一7-ELEVEn獅2018年第五輪
0000003393,統一7-ELEVEn獅,王鏡銘,41,投手,右投右打,176,93,1986/01/16,2010/03/24,開南大學,中華民國,,統一7-ELEVEn獅2008年第一輪
0000004638,統一7-ELEVEn獅,古林睿煬,19,投手,右投右打,184,81,2000/06/12,2019/09/27,平鎮高中,中華民國,,
0000005731,統一7-ELEVEn獅二軍,布雷克,50,投手,右投右打,205,118,1994/07/02,2020/08/01,,加拿大,Brock Dykxhoorn,
0000002679,統一7-ELEVEn獅二軍,江辰晏,16,投手,左投左打,175,70,1995/06/03,2014/09/26,西苑高中,中華民國,,統一7-ELEVEn獅2013年第一輪
0000003620,統一7-ELEVEn獅,江承峰,95,投手,右投右打,180,90,1988/10/14,2013/03/23,臺北體院,中華民國,,統一7-ELEVEn獅2012年第四輪
0000002696,統一7-ELEVEn獅二軍,江亮緯,27,中外野手,右投右打,170,76,1996/12/21,2018/04/14,南英商工,中華民國,,
0000006213,統一7-ELEVEn獅二軍,何恆佑,53,一壘手,右投左打,185,86,2001/10/12,2021/05/07,穀保家商,中華民國,,統一7-ELEVEn獅2020年第二輪
0000005482,統一7-ELEVEn獅,吳承諭,57,投手,右投左打,181,85,1997/01/09,2019/09/29,開南大學,中華民國,,統一7-ELEVEn獅2019年第三輪
0000001756,統一7-ELEVEn獅,吳桀睿,62,二壘手,右投右打,170,82,1993/04/07,2017/09/02,文化大學,中華民國,,統一7-ELEVEn獅2017年第四輪
0000002685,統一7-ELEVEn獅二軍,#吳國豪,49,右外野手,右投右打,174,70,1996/01/09,2015/08/25,平鎮高中,中華民國,,統一7-ELEVEn獅2014年第四輪
0000004641,統一7-ELEVEn獅二軍,李丞齡,9,右外野手,右投右打,176,84,2000/08/08,2021/07/13,興大附農,中華民國,,統一7-ELEVEn獅2018年第四輪
0000006127,統一7-ELEVEn獅二軍,#李其峰,30,投手,右投右打,180,73,1997/10/14,2020/10/04,臺灣體大,中華民國,,統一7-ELEVEn獅2020年第四輪
0000006711,統一7-ELEVEn獅二軍,*李承鴻,86,投手,右投右打,182,76,2003/03/11,,普門高中,中華民國,,統一7-ELEVEn獅2021年第五輪
0000006219,統一7-ELEVEn獅二軍,#李慶隆,21,投手,右投右打,186,93,2001/09/10,2021/03/16,穀保家商,中華民國,,統一7-ELEVEn獅2020年第九輪
0000002695,統一7-ELEVEn獅,林子崴,17,投手,左投左打,179,78,1995/09/17,2015/08/02,文化大學(肄),中華民國,,統一7-ELEVEn獅2015年第一輪
0000006223,統一7-ELEVEn獅,林子豪,2,三壘手,右投左打,185,73,2002/03/29,2021/03/25,平鎮高中,中華民國,,統一7-ELEVEn獅2020年第一輪
0000002275,統一7-ELEVEn獅,林安可,77,右外野手,左投左打,184,90,1997/05/19,2019/08/10,文化大學,中華民國,,統一7-ELEVEn獅2019年第一輪
0000003208,統一7-ELEVEn獅二軍,林其緯,51,投手,右投左打,176,70,1984/04/07,2008/03/20,臺北體院,中華民國,,興農牛2006年第三輪
0000001606,統一7-ELEVEn獅,林岱安,31,捕手,右投右打,175,90,1992/06/23,2015/09/10,臺灣體大,中華民國,林志賢/林祐樂,
0000000937,統一7-ELEVEn獅二軍,林威志,43,投手,右投右打,190,103,1992/09/29,2017/03/30,文化大學,中華民國,,統一7-ELEVEn獅2016年第六輪
0000006210,統一7-ELEVEn獅二軍,*林原裕,59,投手,右投右打,185,76,2001/12/24,,強恕高中,中華民國,,統一7-ELEVEn獅2020年第七輪
0000001339,統一7-ELEVEn獅,林祖傑,39,游擊手,右投右打,176,80,1991/05/13,2019/03/23,文化大學,中華民國,,
0000001112,統一7-ELEVEn獅二軍,林航,48,投手,左投左打,180,86,1993/03/01,2017/03/28,高苑科大,中華民國,,統一7-ELEVEn獅2016年第七輪
0000002295,統一7-ELEVEn獅,林焌翰,33,左外野手,右投左打,172,83,1995/04/23,2019/04/27,義守大學,中華民國,林勝傑,
0000004642,統一7-ELEVEn獅,林靖凱,64,二壘手,右投右打,170,70,2000/07/22,2019/04/26,平鎮高中,中華民國,,統一7-ELEVEn獅2018年第六輪
0000000998,統一7-ELEVEn獅二軍,邱浩鈞,37,投手,右投右打,180,70,1990/12/29,2015/03/22,文化大學,中華民國,,統一7-ELEVEn獅2014年第五輪
0000005531,統一7-ELEVEn獅二軍,#邱智呈,14,右外野手,左投左打,168,80,2000/11/26,2020/05/09,穀保家商,中華民國,,統一7-ELEVEn獅2019年第五輪
0000005282,統一7-ELEVEn獅二軍,姚杰宏,79,投手,右投右打,184,90,1998/04/15,2021/03/18,文化大學,中華民國,,統一7-ELEVEn獅2020年第五輪
0000004640,統一7-ELEVEn獅二軍,姚雨翔,67,一壘手,右投左打,185,112,2000/05/23,2019/06/16,興大附農,中華民國,,統一7-ELEVEn獅2018年第七輪
0000002348,統一7-ELEVEn獅,施子謙,45,投手,右投右打,184,96,1994/12/19,2017/09/09,臺灣體大,中華民國,,統一7-ELEVEn獅2017年第三輪
0000002350,統一7-ELEVEn獅二軍,施冠宇,3,一壘手,右投右打,183,95,1995/12/30,2019/09/28,文化大學,中華民國,,
0000003645,統一7-ELEVEn獅二軍,柯育民,36,捕手,右投右打,175,77,1997/11/14,2019/09/10,臺灣體大,中華民國,,統一7-ELEVEn獅2019年第四輪
0000001719,統一7-ELEVEn獅,胡智為,58,投手,右投右打,182,90,1993/11/04,2021/08/29,國立體大,中華民國,,統一7-ELEVEn獅2021年第一輪
0000005590,統一7-ELEVEn獅二軍,飛利士,73,投手,左投左打,192,108,1987/10/23,2021/05/16,,美國,Felix Antonio Doubront,
0000003284,統一7-ELEVEn獅,唐肇廷,6,中外野手,右投左打,180,85,1987/10/12,2013/03/23,國立體大,中華民國,,統一7-ELEVEn獅2012年第二輪
0000002601,統一7-ELEVEn獅,高國慶,68,一壘手,右投右打,181,93,1978/10/06,2004/03/03,臺灣體院,中華民國,,統一獅2003年第四輪
0000004627,統一7-ELEVEn獅,張偉聖,52,中外野手,右投左打,168,65,1997/12/07,2018/09/30,興大附農,中華民國,,統一7-ELEVEn獅2018年第二輪
0000002344,統一7-ELEVEn獅二軍,*張竣凱,75,投手,右投右打,186,103,1998/08/15,,國立體大,中華民國,,統一7-ELEVEn獅2013年第三輪
0000006716,統一7-ELEVEn獅二軍,*張翔,87,捕手,右投右打,180,78,2003/01/22,,,中華民國,,統一7-ELEVEn獅2021年第二輪
0000006211,統一7-ELEVEn獅二軍,張肇元,74,捕手,右投右打,182,110,1997/10/30,,臺東大學(肄),中華民國,,統一7-ELEVEn獅2020年第八輪
0000006208,統一7-ELEVEn獅,猛威爾,54,投手,右投右打,193,113,1989/10/09,2020/08/23,,美國,Tim Melville,
0000005306,統一7-ELEVEn獅二軍,許哲晏,10,三壘手,右投右打,176,78,1998/01/16,2020/10/14,遠東科大,中華民國,,統一7-ELEVEn獅2020年第六輪
0000001291,統一7-ELEVEn獅二軍,郭阜林,5,三壘手,右投右打,181,90,1991/01/07,2015/08/12,臺灣體院,中華民國,,統一7-ELEVEn獅2015年第七輪
0000001107,統一7-ELEVEn獅二軍,郭峻偉,15,捕手,右投右打,176,81,1992/07/18,2015/06/19,國立體大(肄),中華民國,,統一7-ELEVEn獅2014年第三輪
0000002301,統一7-ELEVEn獅二軍,陳育軒,20,投手,右投左打,177,72,1995/10/25,2016/09/22,臺灣體大,中華民國,,統一7-ELEVEn獅2016年第三輪
0000002298,統一7-ELEVEn獅,陳重羽,65,捕手,右投右打,183,83,1995/09/14,2017/09/01,國立體大,中華民國,,統一7-ELEVEn獅2017年第一輪
0000002289,統一7-ELEVEn獅,陳重廷,66,三壘手,右投右打,181,81,1995/09/14,2017/09/01,文化大學,中華民國,,統一7-ELEVEn獅2017年第二輪
0000001804,統一7-ELEVEn獅,陳傑憲,24,中外野手,右投左打,173,73,1994/01/07,2016/07/29,日本共生高校,中華民國,,統一7-ELEVEn獅2016年第二輪
0000002661,統一7-ELEVEn獅,陳鏞基,13,三壘手,右投右打,179,89,1983/07/13,2011/03/20,國立體院,中華民國,Ma Yaw Ciru,統一7-ELEVEn獅2010年第一輪
0000002688,統一7-ELEVEn獅,陳韻文,12,投手,右投右打,183,97,1995/11/28,2015/09/12,屏東高中,中華民國,,統一7-ELEVEn獅2014年第一輪
0000003401,統一7-ELEVEn獅二軍,傅于剛,42,投手,右投右打,180,93,1988/01/18,2012/03/25,嘉義大學(肄),中華民國,,統一7-ELEVEn獅2010年第六輪
0000003287,統一7-ELEVEn獅二軍,黃恩賜,7,游擊手,右投右打,178,85,1988/02/12,2012/03/17,國立體大,中華民國,Mayaw ‧ Paong,統一7-ELEVEn獅2010年第五輪
0000005521,統一7-ELEVEn獅二軍,黃紹熙,44,二壘手,右投左右開弓,178,80,1994/05/06,,日本共生高校,中華民國,,統一7-ELEVEn獅2019年第六輪
0000002303,統一7-ELEVEn獅二軍,#黃竣彥,40,投手,右投右打,190,93,1993/10/06,2018/05/05,高苑科大,中華民國,,統一7-ELEVEn獅2017年第五輪
0000006712,統一7-ELEVEn獅二軍,*楊孟沅,90,投手,左投左打,173,75,1999/03/14,,臺北市大,中華民國,,統一7-ELEVEn獅2021年第六輪
0000005295,統一7-ELEVEn獅二軍,*楊淳弼,29,投手,左投左打,184,85,2000/06/22,,臺灣體大,中華民國,,統一7-ELEVEn獅2020年第十輪
0000006713,統一7-ELEVEn獅二軍,楊竣翔,94,二壘手,右投右打,178,76,2000/03/06,,臺東大學,中華民國,,統一7-ELEVEn獅2021年第四輪
0000006222,統一7-ELEVEn獅二軍,劉予承,4,投手,右投右打,175,80,2002/02/03,,穀保家商,中華民國,,統一7-ELEVEn獅2020年第三輪
0000006717,統一7-ELEVEn獅二軍,*劉志宏,93,投手,左投左打,188,90,2002/11/27,,,中華民國,,統一7-ELEVEn獅2021年第三輪
0000004637,統一7-ELEVEn獅,劉軒荅,23,投手,右投右打,180,88,1996/11/23,2018/09/29,國立體大,中華民國,,統一7-ELEVEn獅2018年第三輪
0000002626,統一7-ELEVEn獅二軍,潘武雄,55,左外野手,左投左打,178,82,1981/03/11,2006/03/21,美和高中,中華民國,,統一獅2005年第二輪
0000002589,統一7-ELEVEn獅二軍,潘威倫,18,投手,右投右打,182,98,1982/03/05,2003/03/09,輔仁大學(肄),中華民國,,統一獅2003年第一輪
0000002707,統一7-ELEVEn獅二軍,潘傑楷,35,二壘手,右投左打,184,78,1994/02/03,2016/08/27,文化大學,中華民國,潘彥廷,
0000006709,統一7-ELEVEn獅二軍,◎蔡鉦宇,38,游擊手,右投左打,175,75,1996/02/20,,日本拓殖大學,中華民國,,
0000002666,統一7-ELEVEn獅二軍,鄧志偉,25,一壘手,右投左打,188,104,1988/09/15,2012/03/22,文化大學,中華民國,,統一7-ELEVEn獅2011年第二輪
0000002276,統一7-ELEVEn獅,鄭鈞仁,60,投手,右投右打,184,95,1995/11/03,2018/03/25,輔仁大學,中華民國,,統一7-ELEVEn獅2017年第八輪
0000001240,統一7-ELEVEn獅二軍,鄭鎧文,28,左外野手,右投右打,186,96,1991/12/18,2016/03/20,文化大學,中華民國,,統一7-ELEVEn獅2015年第三輪
0000003306,統一7-ELEVEn獅二軍,*賴泊凱,47,投手,右投右打,180,73,1989/06/23,2014/08/17,臺灣體大,中華民國,,統一7-ELEVEn獅2013年第五輪
0000006144,統一7-ELEVEn獅二軍,謝修銓,63,游擊手,右投右打,181,84,1995/11/05,,日本天理大學,中華民國,,統一7-ELEVEn獅2021年第七輪
0000003551,統一7-ELEVEn獅,羅國龍,8,中外野手,右投右打,176,78,1989/06/24,2014/05/24,臺北體院,中華民國,,統一7-ELEVEn獅2013年第四輪
0000005522,統一7-ELEVEn獅二軍,羅暐捷,46,捕手,右投左打,175,70,2001/01/15,2020/09/08,高苑工商,中華民國,,統一7-ELEVEn獅2019年第二輪
0000001474,統一7-ELEVEn獅二軍,蘇智傑,32,左外野手,右投左打,180,88,1994/07/28,2016/07/29,文化大學,中華民國,,統一7-ELEVEn獅2016年第一輪
0000006011,統一7-ELEVEn獅,霸能,97,投手,右投左右開弓,183,102,1990/06/18,2020/04/15,,多明尼加,Lisalverto Bonilla,
0000001217,富邦悍將,于森旭,51,三壘手,右投左打,178,76,1992/12/27,2016/03/26,臺灣體大,中華民國,于孟雄、于孟馗,
0000006738,富邦悍將二軍,孔念恩,82,右外野手,右投左打,184,78,2003/09/01,,高苑工商,中華民國,,富邦悍將2021年第四輪
0000003192,富邦悍將二軍,#方克偉,8,捕手,右投右打,176,96,1988/05/10,2010/03/21,立德大學,中華民國,,兄弟象2009年第十輪
0000002305,富邦悍將,王正棠,35,二壘手,右投左打,177,81,1995/09/17,2018/08/22,臺灣體大,中華民國,,富邦悍將2018年第二輪
0000006736,富邦悍將二軍,王苡丞,14,三壘手,右投左打,185,85,2003/05/01,,成德高中,中華民國,,富邦悍將2021年第二輪
0000002347,富邦悍將,王尉永,34,投手,右投右打,181,72,1995/09/18,2019/07/21,文化大學,中華民國,,富邦悍將2018年第五輪
0000002349,富邦悍將二軍,#王詩聰,84,右外野手,右投左打,187,80,1995/08/08,2020/06/27,國立體大,中華民國,,
0000000362,富邦悍將,申皓瑋,29,中外野手,右投右打,183,75,1997/09/12,2017/05/20,高苑工商,中華民國,,義大犀牛2016年第一輪
0000005492,富邦悍將二軍,*朱益生,70,投手,左投左打,183,83,1999/10/01,,臺北市大,中華民國,,富邦悍將2019年第二輪
0000001412,富邦悍將,江少慶,71,投手,右投右打,183,94,1993/11/10,2021/08/25,文化大學,中華民國,,富邦悍將2021年第一輪
0000005479,富邦悍將二軍,#江國豪,12,投手,右投右打,178,73,1997/12/29,2019/08/04,臺灣體大,中華民國,,富邦悍將2019年第一輪
0000000367,富邦悍將,吳世豪,50,投手,右投右打,180,70,1999/01/13,2018/08/26,美和高中,中華民國,,富邦悍將2017年第四輪
0000005293,富邦悍將二軍,◎吳家洋,63,捕手,右投右打,175,83,2000/01/22,,國立體大,中華民國,,
0000006739,富邦悍將二軍,李子強,66,投手,右投左打,184,74,1999/12/29,,南華大學,中華民國,,富邦悍將2021年第五輪
0000001473,富邦悍將,李宗賢,22,三壘手,右投右打,178,70,1994/06/29,2016/09/03,國立體大,中華民國,,義大犀牛2016年第三輪
0000005561,富邦悍將,李建勳,54,投手,右投右打,192,95,1996/09/08,2020/09/11,高苑科大(肄),中華民國,,富邦悍將2019年第十輪
0000005496,富邦悍將,辛元旭,67,三壘手,右投右打,178,76,1999/06/04,2020/06/03,臺北市大,中華民國,,富邦悍將2019年第九輪
0000006239,富邦悍將二軍,#周奕丞,76,二壘手,右投左打,178,80,1997/11/06,,臺東大學,中華民國,,富邦悍將2020年第九輪
0000005292,富邦悍將二軍,岳少華,48,投手,右投左打,180,68,1999/06/01,,開南大學,中華民國,,富邦悍將2021年第八輪
0000005560,富邦悍將二軍,林奕豪,62,中外野手,右投左打,180,68,2000/10/30,,穀保家商,中華民國,,富邦悍將2019年第五輪
0000003379,富邦悍將二軍,#林威廷,64,二壘手,右投右打,177,83,1989/08/16,2014/03/22,國立體大,中華民國,,義大犀牛2015年第七輪
0000003336,富邦悍將二軍,林宥穎,20,捕手,右投右打,178,87,1987/03/08,2011/03/19,臺灣體大,中華民國,林 琨 笙,
0000003332,富邦悍將二軍,林柏佑,94,投手,右投右打,183,91,1986/09/16,2013/04/17,臺灣體院,中華民國,,Lamigo桃猿2012年第二輪
0000003607,富邦悍將二軍,林羿豪,96,投手,右投右打,188,101,1991/01/02,2014/03/23,大同學院,中華民國,,義大犀牛2013年第二輪
0000003339,富邦悍將,林哲瑄,1,中外野手,右投右打,180,90,1988/09/21,2015/08/14,南英商工,中華民國,,義大犀牛2015年第一輪
0000003144,富邦悍將,林益全,9,一壘手,右投左打,183,83,1985/11/11,2009/03/29,南英商工,中華民國,,興農牛2007年第一輪
0000000327,富邦悍將二軍,林晨樺,11,投手,右投右打,185,92,1988/12/16,2012/04/01,文化大學,中華民國,,興農牛2011年第一輪
0000006230,富邦悍將二軍,#林詠翔,40,投手,右投右打,176,72,2001/09/13,,高苑工商,中華民國,,富邦悍將2020年第五輪
0000001379,富邦悍將,林逸翔,16,投手,左投左打,184,80,1992/12/16,2018/06/21,康寧大學,中華民國,,Lamigo桃猿2017年第五輪
0000005562,富邦悍將二軍,#林聖榮,99,投手,右投右打,178,65,2001/06/04,,大理高中,中華民國,,富邦悍將2019年第三輪
0000005563,富邦悍將,姚冠瑋,10,捕手,右投右打,170,78,1996/01/11,2020/05/10,文化大學,中華民國,,富邦悍將2019年第四輪
0000003615,富邦悍將二軍,*胡金龍,15,左外野手,右投右打,180,86,1984/02/02,2013/03/24,國立體大,中華民國,,義大犀牛2012年第一輪
0000004643,富邦悍將二軍,胡冠俞,43,游擊手,右投右打,172,72,2000/05/18,2021/07/30,東大體中,中華民國,,富邦悍將2018年第四輪
0000000341,富邦悍將,范玉禹,47,投手,右投左打,193,90,1995/04/27,2015/04/05,嘉藥科大,中華民國,,義大犀牛2013年第一輪
0000006742,富邦悍將二軍,◎范姜永頡,016,捕手,右投右打,175,88,2002/11/23,,大溪高中,中華民國,,
0000002352,富邦悍將,范國宸,46,一壘手,右投右打,183,88,1994/11/25,2017/09/22,臺灣體大,中華民國,,富邦悍將2017年第五輪
0000006747,富邦悍將二軍,迪倫,58,投手,右投右打,185,79,1992/09/23,,,南非,Dylan Unsworth,
0000000343,富邦悍將,高孝儀,32,右外野手,右投右打,176,81,1990/05/29,2014/04/11,文化大學,中華民國,,義大犀牛2013年第九輪
0000003338,富邦悍將,高國輝,28,左外野手,右投右打,189,103,1985/09/26,2013/03/24,臺北體院,中華民國,羅 國 輝,義大犀牛2012年第二輪
0000001118,富邦悍將,高國麟,98,右外野手,右投右打,183,92,1993/01/02,2016/04/01,國立體大,中華民國,羅 國 麟,義大犀牛2015年第八輪
0000003395,富邦悍將二軍,張正偉,6,左外野手,左投左打,174,74,1986/08/05,2010/03/20,開南大學,中華民國,Malo ‧ Ipong,興農牛2008年第七輪
0000000361,富邦悍將二軍,張冠廷,33,左外野手,右投左打,178,70,1998/09/01,2017/04/07,美和高中,中華民國,,義大犀牛2016年第五輪
0000006741,富邦悍將二軍,*張宥鈞,41,右外野手,右投左打,175,73,2003/02/16,,平鎮高中,中華民國,,富邦悍將2021年第七輪
0000001285,富邦悍將二軍,*張耿豪,17,投手,右投右打,178,73,1991/04/11,2010/04/03,臺灣體大,中華民國,,興農牛2009年第一輪
0000000910,富邦悍將,張進德,69,捕手,右投左打,179,100,1993/05/17,2020/07/25,國立體大,中華民國,,富邦悍將2020年第一輪
0000000938,富邦悍將二軍,張瑞麟,72,投手,左投左打,181,80,1992/06/28,2018/05/26,國立體大,中華民國,,
0000006229,富邦悍將二軍,莊韋恩,49,游擊手,右投右打,170,57,1998/01/07,2021/04/10,國立體大,中華民國,,富邦悍將2020年第四輪
0000006232,富邦悍將二軍,#許宸銘,4,游擊手,右投左打,178,70,2002/07/18,,南英商工,中華民國,,富邦悍將2020年第八輪
0000001260,富邦悍將二軍,郭俊麟,18,投手,右投右打,175,76,1992/02/02,,臺灣體大,中華民國,,富邦悍將2020年第二輪
0000000363,富邦悍將二軍,陳仕朋,81,投手,左投左打,179,79,1997/09/20,2017/10/07,西苑高中,中華民國,,義大犀牛2016年第二輪
0000006745,富邦悍將二軍,陳冠勳,59,投手,左投左打,178,68,1998/12/23,,開南大學,中華民國,,
0000005307,富邦悍將二軍,陳韋霖,30,投手,左投右打,177,67,1995/06/30,2020/10/20,遠東科大,中華民國,,
0000005310,富邦悍將二軍,陳真,7,左外野手,右投右打,185,85,1998/10/22,2021/03/14,文化大學,中華民國,,富邦悍將2020年第三輪
0000003436,富邦悍將二軍,陳凱倫,24,游擊手,右投右打,173,76,1987/10/31,2012/03/18,開南大學,中華民國,,興農牛2010年第五輪
0000003606,富邦悍將,陳鴻文,13,投手,右投右打,180,97,1986/02/03,2013/03/27,臺北體院,中華民國,,兄弟象2012年第一輪
0000006227,富邦悍將,曾峻岳,60,投手,右投右打,174,68,2001/11/07,2021/03/14,西苑高中,中華民國,,富邦悍將2020年第七輪
0000006744,富邦悍將二軍,◎温展樂,00,投手,右投右打,183,80,2001/10/18,,開南大學,中華民國,,
0000000368,富邦悍將二軍,游霆崴,80,投手,右投右打,178,68,1997/10/11,2019/06/09,西苑高中,中華民國,,
0000006233,富邦悍將二軍,#黃兆維,31,一壘手,右投右打,185,85,2001/11/03,,臺北市大,中華民國,,富邦悍將2020年第六輪
0000000366,富邦悍將二軍,楊晉豪,23,二壘手,右投左打,175,74,1998/09/16,2019/03/24,高苑工商,中華民國,,富邦悍將2017年第一輪
0000006740,富邦悍將二軍,楊強森,55,投手,右投右打,178,78,2002/09/22,,高苑工商,中華民國,,富邦悍將2021年第六輪
0000004629,富邦悍將二軍,楊彬,74,投手,右投右打,180,90,1996/01/01,2019/06/29,高雄大學,中華民國,,富邦悍將2018年第六輪
0000005508,富邦悍將,楊瑞承,83,一壘手,右投左打,183,90,1993/10/04,2019/10/05,國立體大,中華民國,,Lamigo桃猿2019年第七輪
0000003048,富邦悍將二軍,葉竹軒,45,二壘手,右投右打,172,84,1987/03/29,2011/03/25,國立體大,中華民國,,La new熊2009年第六輪
0000005556,富邦悍將二軍,#葉國情,79,投手,右投右打,180,78,2001/02/14,,花蓮高中,中華民國,,富邦悍將2019年第七輪
0000006737,富邦悍將二軍,董子恩,78,一壘手,右投右打,182,80,2003/02/28,,平鎮高中,中華民國,,富邦悍將2021年第三輪
0000005573,富邦悍將二軍,劉劭威,0,投手,右投右打,190,110,1996/03/26,2021/05/04,文化大學,中華民國,,中信兄弟2019年第六輪
0000006743,富邦悍將二軍,劉俊豪,85,游擊手,右投左打,179,72,2002/02/20,,國立體大,中華民國,,
0000004628,富邦悍將二軍,歐書誠,57,投手,右投左打,180,65,1993/02/11,2018/09/20,長榮大學,中華民國,,富邦悍將2018年第八輪
0000003337,富邦悍將二軍,蔣智賢,5,三壘手,右投左打,183,95,1988/02/21,2015/07/31,三民高中,中華民國,,中信兄弟2015年第一輪
0000004622,富邦悍將二軍,蕭憶銘,61,捕手,右投右打,175,80,1999/11/21,2021/08/12,高苑工商,中華民國,,
0000006547,富邦悍將,優瑪,89,投手,右投右打,191,95,1992/05/06,2021/07/14,,多明尼加,Yomar Flande,
0000005927,富邦悍將二軍,戴云真,65,中外野手,右投右打,183,80,1997/04/20,2021/09/17,文化大學,中華民國,,
0000004645,富邦悍將,戴培峰,95,捕手,右投左打,182,75,2000/01/07,2019/03/24,平鎮高中,中華民國,,富邦悍將2018年第一輪
0000005284,富邦悍將,藍愷青,21,投手,左投左打,176,74,1998/09/06,2021/03/19,國立體大,中華民國,,
0000000121,富邦悍將,羅力,39,投手,右投右打,192,99,1984/09/14,2012/08/18,,美國,Mike Loree,
0000001394,富邦悍將二軍,羅國華,37,投手,右投右打,178,90,1992/10/28,2017/07/14,開南大學,中華民國,,富邦悍將2017年第三輪
0000006718,樂天桃猿二軍,*毛英傑,89,捕手,右投右打,170,70,2003/04/04,,高苑工商,中華民國,,樂天桃猿2021年第六輪
0000006228,樂天桃猿二軍,王志煊,64,投手,左投左打,175,72,2001/09/05,2021/03/17,成德高中,中華民國,,樂天桃猿2020年第五輪
0000003465,樂天桃猿二軍,王溢正,32,投手,左投左打,190,84,1985/10/09,2013/07/21,文化大學,中華民國,,La new熊2008年第二輪
0000001390,樂天桃猿二軍,王躍霖,41,投手,右投右打,184,94,1991/02/05,2015/09/09,臺灣體院,中華民國,,Lamigo桃猿2015年第六輪
0000000159,樂天桃猿,成晉,35,中外野手,右投右打,184,90,1998/11/13,2018/06/19,平鎮高中,中華民國,,
0000001318,樂天桃猿,朱育賢,85,一壘手,左投左打,188,100,1991/11/26,2016/03/19,文化大學,中華民國,,Lamigo桃猿2015年第七輪
0000000128,樂天桃猿,朱俊祥,22,投手,右投左打,175,70,1995/04/15,2013/10/15,臺中高農,中華民國,,Lamigo桃猿2013年第二輪
0000004635,樂天桃猿二軍,江國謙,18,投手,右投右打,180,88,1999/10/01,2019/06/27,平鎮高中,中華民國,,Lamigo桃猿2018年第六輪
0000006231,樂天桃猿二軍,*何逸龍,96,投手,右投右打,179,77,2000/09/17,,臺北市大,中華民國,,樂天桃猿2020年第七輪
0000003563,樂天桃猿二軍,余德龍,36,左外野手,右投右打,180,73,1988/06/12,2012/03/20,嘉義大學,中華民國,,Lamigo桃猿2010年第三輪
0000002277,樂天桃猿二軍,吳丞哲,76,投手,右投右打,179,93,1995/04/09,2017/09/01,輔仁大學,中華民國,,Lamigo桃猿2017年第六輪
0000005559,樂天桃猿二軍,李承禎,55,投手,右投右打,185,85,2000/09/14,,開南大學,中華民國,,Lamigo桃猿2019年第二輪
0000006710,樂天桃猿,狂威,33,投手,右投右打,185,97,1991/08/14,2021/08/31,,美國,Dylan Covey,
0000006237,樂天桃猿,林子崴,54,投手,左投左打,178,80,2002/03/22,2021/11/05,穀保家商,中華民國,,樂天桃猿2020年第二輪
0000002286,樂天桃猿,林立,39,三壘手,右投右打,181,75,1996/01/01,2017/08/30,國立體大,中華民國,,Lamigo桃猿2017年第二輪
0000000153,樂天桃猿,林承飛,6,游擊手,右投右打,178,78,1997/04/08,2015/10/07,平鎮高中,中華民國,,Lamigo桃猿2015年第二輪
0000003467,樂天桃猿,林泓育,11,捕手,右投右打,181,103,1986/03/21,2010/03/21,文化大學,中華民國,,La new熊2008年第三輪
0000001414,樂天桃猿二軍,林知譽,30,左外野手,右投右打,185,90,1993/03/30,2018/04/26,輔仁大學,中華民國,,Lamigo桃猿2016年第八輪
0000006235,樂天桃猿二軍,林政華,65,中外野手,右投左打,173,73,2001/09/22,,臺東體中,中華民國,,樂天桃猿2020年第四輪
0000006241,樂天桃猿二軍,*林家鋒,67,捕手,右投右打,173,82,1997/09/10,,臺灣體大,中華民國,,
0000003345,樂天桃猿,林智平,79,三壘手,右投右打,178,77,1985/03/23,2009/03/29,文化大學,中華民國,,La new熊2007年第四輪
0000006226,樂天桃猿二軍,林楷錡,93,左外野手,右投左打,186,83,1998/06/12,,國立體大,中華民國,,樂天桃猿2020年第八輪
0000005510,樂天桃猿二軍,林澤彬,99,二壘手,右投左打,177,80,1998/12/23,2020/10/17,臺灣體大,中華民國,,Lamigo桃猿2019年第三輪
0000004634,樂天桃猿,邱丹,86,中外野手,左投左打,174,89,2000/07/11,2019/04/02,普門高中,中華民國,,Lamigo桃猿2018年第三輪
0000006234,樂天桃猿二軍,*邱家慶,74,捕手,右投右打,176,84,2001/10/10,,成德高中,中華民國,,樂天桃猿2020年第六輪
0000006720,樂天桃猿二軍,邱駿威,46,投手,右投右打,178,75,2002/11/10,,高苑工商,中華民國,,樂天桃猿2021年第二輪
0000001263,樂天桃猿二軍,洪聖欽,60,投手,右投右打,183,85,1990/11/15,2014/09/11,臺灣體院,中華民國,,Lamigo桃猿2014年第四輪
0000004632,樂天桃猿二軍,范柏絜,92,投手,右投右打,183,73,2000/08/13,,高苑工商,中華民國,,
0000004646,樂天桃猿二軍,翁瑋均,20,投手,右投左打,188,85,1998/11/29,2019/03/31,南華大學,中華民國,翁绍恩,Lamigo桃猿2018年第一輪
0000006240,樂天桃猿二軍,馬傑森,94,游擊手,右投右打,180,80,2002/05/15,2020/10/17,普門高中,中華民國,,樂天桃猿2020年第一輪
0000000151,樂天桃猿二軍,*張明翔,49,投手,右投左打,183,85,1996/10/04,2016/10/09,平鎮高中,中華民國,,Lamigo桃猿2015年第九輪
0000006715,樂天桃猿二軍,*張梓軒,84,投手,左投左打,191,88,1999/03/30,,文化大學,中華民國,,樂天桃猿2021年第七輪
0000005511,樂天桃猿二軍,張喜凱,16,投手,右投右打,180,70,1998/10/29,2020/10/04,文化大學,中華民國,,Lamigo桃猿2019年第五輪
0000002282,樂天桃猿,張閔勛,28,捕手,右投右打,177,80,1994/08/08,2016/07/14,文化大學,中華民國,,Lamigo桃猿2016年第一輪
0000000132,樂天桃猿,梁家榮,5,三壘手,右投左打,180,90,1995/03/25,2013/10/15,高苑工商,中華民國,,Lamigo桃猿2013年第一輪
0000005509,樂天桃猿二軍,莊昕諺,77,投手,右投右打,181,91,2000/10/19,2020/10/18,南英商工,中華民國,,Lamigo桃猿2019年第六輪
0000003631,樂天桃猿二軍,許禹壕,47,捕手,右投右打,178,79,1994/11/29,2018/10/12,美和高中,中華民國,,Lamigo桃猿2013年第八輪
0000005285,樂天桃猿,許峻暘,34,投手,右投左打,181,73,1998/03/23,2021/10/13,開南大學,中華民國,,樂天桃猿2020年第三輪
0000003174,樂天桃猿,郭永維,7,游擊手,右投右打,175,75,1988/04/13,2011/03/20,嘉藥大學,中華民國,郭修維,
0000003343,樂天桃猿,郭嚴文,21,二壘手,右投左打,179,86,1988/10/25,2011/04/02,國立體大,中華民國,,Lamigo桃猿2010年第一輪
0000004624,樂天桃猿二軍,*陳克羿,40,投手,右投左打,185,74,1999/10/27,,南英商工,中華民國,,Lamigo桃猿2018年第五輪
0000003609,樂天桃猿,陳俊秀,29,一壘手,右投右打,183,97,1988/11/01,2014/07/30,國立體大,中華民國,,Lamigo桃猿2014年第一輪
0000000941,樂天桃猿,陳冠宇,12,投手,左投左打,178,80,1990/10/29,2021/08/24,,中華民國,,樂天桃猿2021年第一輪
0000000135,樂天桃猿,陳禹勳,0,投手,右投右打,182,83,1989/05/20,2014/03/23,臺北體院,中華民國,,Lamigo桃猿2013年第一輪
0000004633,樂天桃猿,陳晨威,98,中外野手,右投左打,180,72,1997/12/12,2018/10/09,大同學院,中華民國,,Lamigo桃猿2018年第二輪
0000003608,樂天桃猿二軍,曾仁和,37,投手,右投左打,186,91,1994/10/03,2021/09/16,國立體大,中華民國,,樂天桃猿2021年第三輪
0000002273,樂天桃猿二軍,*曾琦,23,投手,右投右打,188,88,1997/01/23,,國立體大,中華民國,,Lamigo桃猿2019年第四輪
0000001617,樂天桃猿,游朝惟,17,投手,右投右打,174,72,1993/04/16,2019/04/14,臺灣體大,中華民國,,
0000003660,樂天桃猿二軍,陽耀勳,1,右外野手,左投左打,178,90,1983/01/22,2015/09/02,文化大學,中華民國,,
0000001286,樂天桃猿,馮健庭,45,二壘手,右投右打,180,85,1992/01/05,2016/08/25,國立體大,中華民國,,Lamigo桃猿2016年第五輪
0000002274,樂天桃猿,黃子鵬,69,投手,右投左打,183,80,1994/03/19,2018/05/09,文化大學,中華民國,,Lamigo桃猿2017年第七輪
0000003616,樂天桃猿,黃偉晟,4,投手,右投右打,180,95,1990/03/06,2013/03/24,國立體大,中華民國,,義大犀牛2012年第三輪
0000000161,樂天桃猿二軍,黃敬瑋,82,中外野手,右投左打,176,78,1994/12/21,2018/04/10,文化大學,中華民國,,Lamigo桃猿2017年第八輪
0000006721,樂天桃猿二軍,*楊家勝,71,三壘手,右投左打,175,75,1998/06/11,,臺灣體大,中華民國,,樂天桃猿2021年第八輪
0000002287,樂天桃猿二軍,*楊聖均,25,一壘手,右投右打,173,96,1993/09/19,2016/07/14,國立體大,中華民國,楊岱均,Lamigo桃猿2016年第二輪
0000000160,樂天桃猿二軍,萬昭清,68,投手,右投右打,178,68,1999/01/18,2020/09/18,穀保家商,中華民國,,Lamigo桃猿2017年第四輪
0000000152,樂天桃猿二軍,葉家淇,26,投手,左投左打,179,71,1997/05/23,2015/10/10,平鎮高中,中華民國,葉文淇,Lamigo桃猿2015年第三輪
0000000141,樂天桃猿二軍,董子浩,3,三壘手,右投左打,183,88,1996/08/11,2017/08/13,西苑高中,中華民國,,Lamigo桃猿2014年第三輪
0000004030,樂天桃猿二軍,詹智堯,8,中外野手,左投左打,178,83,1983/01/02,2009/03/29,臺灣體院,中華民國,,米迪亞暴龍2007年第一輪
0000000158,樂天桃猿二軍,廖健富,58,捕手,右投左打,178,88,1998/09/28,2017/09/24,高苑工商,中華民國,,Lamigo桃猿2017年第一輪
0000006507,樂天桃猿,豪勁,61,投手,右投右打,190,96,1989/05/12,2021/03/25,,美國,Bradin Hagens,
0000001524,樂天桃猿二軍,劉昱言,15,投手,左投左打,180,81,1994/07/27,2016/08/10,開南大學,中華民國,,Lamigo桃猿2016年第三輪
0000006242,樂天桃猿二軍,◎劉家誠,111,二壘手,右投右打,181,80,1998/03/25,,國立體大,中華民國,,
0000006498,樂天桃猿二軍,#歐飛登,13,投手,左投左打,188,79,1991/08/17,2021/03/16,,美國,Dillon Overton,
0000006202,樂天桃猿二軍,蔡鎮宇,24,左外野手,右投右打,168,78,1996/11/20,,美國太平洋大學,中華民國,,樂天桃猿2020年第九輪
0000006722,樂天桃猿二軍,*賴知頎,51,投手,右投左打,180,70,2003/07/26,,鶯歌工商,中華民國,,樂天桃猿2021年第五輪
0000002272,樂天桃猿二軍,賴智垣,19,投手,右投右打,178,86,1997/02/28,2019/03/24,臺灣體大(肄),中華民國,,Lamigo桃猿2018年第四輪
0000003292,樂天桃猿,賴鴻誠,48,投手,左投左打,180,75,1988/04/26,2012/03/20,,中華民國,,興農牛2010年第二輪
0000006714,樂天桃猿二軍,*鍾玉成,97,右外野手,右投左打,181,77,2003/02/10,,大溪高中,中華民國,,樂天桃猿2021年第四輪
0000003533,樂天桃猿二軍,藍寅倫,88,右外野手,右投左打,180,87,1990/05/07,2014/03/23,高苑科大,中華民國,,Lamigo桃猿2013年第七輪
0000006719,樂天桃猿二軍,◎藍震威,126,游擊手,右投右打,182,78,2002/12/03,,,中華民國,,
0000004032,樂天桃猿,嚴宏鈞,62,捕手,右投左打,165,70,1997/04/30,2017/07/25,美和高中,中華民國,,Lamigo桃猿2015年第十一輪
0000000150,樂天桃猿二軍,蘇俊羽,14,投手,右投右打,178,65,1996/10/30,2016/07/28,平鎮高中,中華民國,王 俊 羽,Lamigo桃猿2015年第五輪
0000005558,樂天桃猿二軍,蘇俊璋,00,投手,右投右打,180,92,1998/09/02,2019/09/12,南英商工,中華民國,,Lamigo桃猿2019年第一輪
0000005085,樂天桃猿,霸林爵,27,投手,左投左打,196,104,1991/02/04,2019/06/08,,美國,包林傑 Ryan Bollinger,
